<?xml version="1.0" encoding="UTF-8" standalone="yes"?>
<addon id="repository.darkbeast13" name="darkbeast13" version="1.0" provider-name="darkbeast13">
    <extension point="xbmc.addon.repository" name="darkbeast13 Repository">
        <dir>
            <info compressed="false">https://raw.githubusercontent.com/darkbeast13/darkbeast13.github.io/master/repo/zips/addons.xml</info>
            <checksum>https://raw.githubusercontent.com/darkbeast13/darkbeast13.github.io/master/repo/zips/addons.xml.md5</checksum>
            <datadir zip="true">https://raw.githubusercontent.com/darkbeast13/darkbeast13.github.io/master/repo/zips/</datadir>
        </dir>
    </extension>
    <extension point="xbmc.addon.metadata">
        <summary>darkbeast13</summary>
        <description>Personal AF2 Built</description>
        <disclaimer></disclaimer>
        <platform>all</platform>
        <assets>
            <icon>icon.png</icon>
            <fanart>fanart.jpg</fanart>
        </assets>
    </extension>
</addon>